insee_com;lib_com
1034;Belley
1072;Ceyzériat
1074;Chalamont
1304;Pont-d'Ain
1333;Saint-André-de-Corcy
1457;Vonnas
2110;Braine
2304;La Fère
2361;Guise
3043;Broût-Vernet
3128;Huriel
4018;Banon
4143;Oraison
5017;La Bâtie-Neuve
7064;Le Cheylard
7319;Le Teil
7349;La Voulte-sur-Rhône
8081;Bogny-sur-Meuse
8362;Rethel
8486;Vireux-Molhain
10323;Romilly-sur-Seine
11049;Bram
11106;Coursan
11116;Cuxac-d'Aude
11315;Rieux-Minervois
11397;Trèbes
12094;Entraygues-sur-Truyère
12096;Espalion
12138;Marcillac-Vallon
12164;Mur-de-Barrez
12185;Pont-de-Salars
12199;Rignac
12298;Villecomtal
13097;Saint-Martin-de-Crau
14047;Bayeux
14191;Courseulles-sur-Mer
14229;Dozulé
14478;Orbec
14515;Port-en-Bessin-Huppain
14692;Tilly-sur-Seulles
14752;Villers-Bocage
15045;Chaudes-Aigues
15120;Mauriac
15138;Murat
15202;Saint-Martin-Valmeroux
15215;Saint-Simon
16005;Aigre
16073;Chalais
16206;Mansle-les-Fontaines
16223;Montbron
16230;Montmoreau
16292;Ruffec
17397;Saint-Savinien
18003;Les Aix-d'Angillon
18018;Avord
18023;Baugy
18108;La Guerche-sur-l'Aubois
18242;Sancoins
19121;Lubersac
21103;Brazey-en-Plaine
21154;Châtillon-sur-Seine
21425;Montbard
21607;Seurre
22084;Jugon-les-Lacs - Commune nouvelle
22121;Lanvollon
22158;Guerlédan
22207;Plouaret
22262;Quintin
22321;Saint-Nicolas-du-Pélem
23001;Ahun
23013;Auzances
23076;Évaux-les-Bains
24164;Excideuil
24520;Sarlat-la-Canéda
25475;Quingey
26166;Loriol-sur-Drôme
27103;Bourg-Achard
27105;Grand Bourgtheroulde
27198;Mesnils-sur-Iton
27213;Vexin-sur-Epte
27275;Gaillon
27507;Saint-André-de-l'Eure
27629;Thiberville
27679;Verneuil d'Avre et d'Iton
28018;Authon-du-Perche
28059;Brezolles
28116;Courville-sur-Eure
28199;Janville-en-Beauce
28348;Saint-Lubin-des-Joncherets
29003;Audierne
29046;Douarnenez
29135;Loctudy
29163;Pleyber-Christ
29195;Plouguerneau
30010;Anduze
30029;Barjac
30212;Remoulins
30259;Saint-Hilaire-de-Brethmas
30350;Le Vigan
31028;Aurignac
31042;Bagnères-de-Luchon
31107;Carbonne
31523;Salies-du-Salat
31584;Villemur-sur-Tarn
32119;Eauze
32160;L'Isle-Jourdain
32213;Lombez
32462;Vic-Fezensac
33036;Bazas
33140;Créon
33240;Lesparre-Médoc
33327;Podensac
34069;Cazouls-lès-Béziers
34142;Lodève
34162;Montagnac
35019;Bazouges-la-Pérouse
35072;Châtillon-en-Vendelais
35109;Étrelles
35124;Grand-Fougeray
35167;Martigné-Ferchaud
35168;Val d'Anast
35173;Melesse
35284;Saint-Jouan-des-Guérets
36141;Neuvy-Saint-Sépulchre
37020;Beaulieu-lès-Loches
37167;Neuillé-Pont-Pierre
38052;Le Bourg-d'Oisans
38130;La Côte-Saint-André
38138;Crémieu
38517;Tullins
39368;Hauts de Bienne
40110;Geaune
40134;Labouheyre
40224;Peyrehorade
40245;Roquefort
41025;Bracieux
41095;Fréteval
41173;Beauce la Romaine
42156;Neulise
42159;Noirétable
42304;Sury-le-Comtal
43051;Le Chambon-sur-Lignon
43077;Costaros
43111;Landos
43163;Riotord
44067;Guémené-Penfao
44098;Missillac
44113;Nozay
44158;Saint-Étienne-de-Montluc
44213;Loireauxence
45030;Beaune-la-Rolande
45187;Lorris
45258;Puiseaux
46201;Montcuq-en-Quercy-Blanc
46225;Prayssac
46231;Puy-l'Évêque
47021;Barbaste
47052;Casteljaloux
47054;Castelmoron-sur-Lot
47106;Fumel
48061;Florac Trois Rivières
48092;Marvejols
48094;Massegros Causses Gorges
48099;Bourgs sur Colagne
49002;Allonnes
49215;Montreuil-Bellay
49261;Gennes-Val-de-Loire
49373;Lys-Haut-Layon
50147;Coutances
50267;Lessay
50393;Percy-en-Normandie
53188;Renazé
54135;Colombey-les-Belles
54425;Piennes
54432;Pont-Saint-Vincent
55502;Stenay
56053;Elven
56073;Guémené-sur-Scorff
56075;Guer
56101;Languidic
56143;Muzillac
56166;Plouay
56190;Réguiny
56198;Rohan
56222;Saint-Jean-Brévelay
56244;Sérent
57160;Creutzwald
57240;Freyming-Merlebach
58134;Imphy
58218;Prémery
59136;Le Cateau-Cambrésis
59153;Condé-sur-l'Escaut
59525;Sains-du-Nord
60471;Noyon
61063;Briouze
61168;La Ferté Macé
61258;Le Mêle-sur-Sarthe
61484;Val-au-Perche
61486;Tinchebray-Bocage
62186;Bully-les-Mines
62361;Frévent
62447;Hesdin
62534;Lumbres
62758;Saint-Martin-Boulogne
62907;Libercourt
63010;Arlanc
63047;La Bourboule
63048;Bourg-Lastic
63103;Châtel-Guyon
63116;Combronde
63125;Courpière
63165;Giat
63236;Mont-Dore
63285;Pontgibaud
63415;Sauxillanges
63457;Vic-le-Comte
64410;Mourenx
64417;Nay
65304;Maubourguet
66003;Amélie-les-Bains-Palalda
66004;Les Angles
66024;Le Boulou
67095;Diemeringen
67324;Niederbronn-les-Bains
67434;Sarre-Union
67520;Wasselonne
68287;Rouffach
69066;Cours
69176;Soucieu-en-Jarrest
69238;Saint-Symphorien-sur-Coise
69287;Saint-Bonnet-de-Mure
70026;Arc-lès-Gray
70228;Faverney
70285;Héricourt
70421;Port-sur-Saône
70451;Ronchamp
70467;Saint-Loup-sur-Semouse
71047;Bourbon-Lancy
71157;Cuiseaux
71190;Épinac
71342;Paray-le-Monial
71543;Tournus
71566;Verdun-sur-le-Doubs
72132;La Ferté-Bernard
72143;Le Grand-Lucé
72179;Malicorne-sur-Sarthe
72180;Mamers
72205;Montbizot
72289;Sainte-Jamme-sur-Sarthe
73105;Les Échelles
73117;Fourneaux
73171;Montmélian
74002;Alby-sur-Chéran
74137;Groisy
74224;La Roche-sur-Foron
74276;Taninges
76219;Doudeville
76254;Étretat
76255;Eu
76258;Terres-de-Caux
76276;Forges-les-Eaux
76462;Neufchâtel-en-Bray
76711;Le Tréport
77159;Donnemarie-Dontilly
77316;Moret-Loing-et-Orvanne
77379;Provins
78062;Beynes
78531;Rosny-sur-Seine
79195;Nueil-les-Aubiers
79299;Saint-Varent
80182;Cayeux-sur-Mer
81105;Graulhet
81219;Puylaurens
81271;Saint-Sulpice-la-Pointe
82013;Beaumont-de-Lomagne
82151;Roquecor
83072;Lorgues
83107;Roquebrune-sur-Argens
83116;Saint-Maximin-la-Sainte-Baume
84003;Apt
84069;Malaucène
84076;Mirabeau
84088;Pernes-les-Fontaines
84129;Sorgues
85128;Luçon
85151;Mortagne-sur-Sèvre
85154;Mouilleron-Saint-Germain
86112;L'Isle-Jourdain
86165;Montmorillon
86207;La Roche-Posay
87059;Le Dorat
87106;Nexon
88078;Bruyères
88310;Monthureux-sur-Saône
88351;Plombières-les-Bains
89073;Champignelles
90053;Grandvillars
91200;Dourdan
91232;La Ferté-Alais
97116;Morne-à-l'Eau
97130;Terre-de-Bas
97232;Le Vauclin
97405;Petite-Île
97424;Cilaos
97614;Ouangani
1185;Plateau d'Hauteville
1244;Meximieux
1269;Nantua
1305;Pont-de-Vaux
1350;Saint-Étienne-du-Bois
1420;Thoissey
1443;Villars-les-Dombes
2141;La Capelle
2430;Liesse-Notre-Dame
2502;Montcornet
2602;Pinon
2738;Tergnier
2758;Vailly-sur-Aisne
2810;Villers-Cotterêts
3036;Bourbon-l'Archambault
3082;Commentry
3161;Marcillat-en-Combraille
3298;Varennes-sur-Allier
4088;Forcalquier
4209;Sisteron
5050;Espinasses
5070;Laragne-Montéglin
5132;Saint-Bonnet-en-Champsaur
5166;Serres
6023;Breil-sur-Roya
6103;Roquebillière
7132;Largentière
8419;Signy-l'Abbaye
8491;Vrigne aux Bois
10034;Bar-sur-Seine
10064;Brienne-le-Château
10080;Chaource
10140;Ervy-le-Châtel
11103;Couiza
11266;Port-la-Nouvelle
11304;Quillan
11379;Sigean
12089;Decazeville
12198;Rieupeyroux
14027;Les Monts d'Aunay
14035;Balleroy-sur-Drôme
14061;Souleuvre en Bocage
14098;Thue et Mue
14126;Cambremer
14143;Caumont-sur-Aure
14225;Dives-sur-Mer
14312;Grandcamp-Maisy
14333;Honfleur
14342;Isigny-sur-Mer
14431;Mézidon Vallée d'Auge
14654;Saint-Pierre-en-Auge
14711;Trévières
15175;Saint-Cernin
16106;Confolens
16192;Terres-de-Haute-Charente
16281;La Rochefoucauld-en-Angoumois
16286;Rouillac
16366;Segonzac
17224;Matha
17240;Montendre
17331;Saint-Genis-de-Saintonge
17421;Saujon
18057;Châteaumeillant
18087;Dun-sur-Auron
18241;Sancerre
19011;Arnac-Pompadour
19036;Chamberet
19138;Meyssac
21501;Pouilly-en-Auxois
22004;Bégard
22050;Dinan
22136;Loudéac
22137;Maël-Carhaix
22143;Matignon
22147;Merdrignac
22222;Plouha
22362;Tréguier
23008;Aubusson
23025;Bonnat
23045;Chambon-sur-Voueize
23079;Felletin
23089;Genouillac
23105;Lavaveix-les-Mines
23176;La Souterraine
24028;Beaumontois en Périgord
24294;Montpon-Ménestérol
24396;Saint-Cyprien
25047;Baume-les-Dames
25237;Fesches-le-Châtel
25315;L'Isle-sur-le-Doubs
25411;Morteau
26063;Buis-les-Baronnies
26114;Dieulefit
27051;Beaumont-le-Roger
27056;Bernay
27117;Broglie
27279;Gasny
27448;Pacy-sur-Eure
27470;Pont-Saint-Pierre
28027;La Bazoche-Gouet
28061;Brou
28149;La Ferté-Vidame
28279;Nogent-le-Roi
28387;Thiron-Gardais
29020;Briec
29158;Penmarch
29197;Plouhinec
29199;Plouigneau
29233;Quimperlé
29260;Saint-Renan
29302;Pont-de-Buis-lès-Quimerch
30034;Bellegarde
30132;La Grand-Combe
30263;Saint-Hippolyte-du-Fort
31033;Auterive
31239;L'Isle-en-Dodon
31582;Villefranche-de-Lauragais
32079;Castelnau d'Auzan Labarrère
32233;Marciac
32296;Nogaro
32319;Plaisance
32410;Samatan
33042;Belin-Béliet
33108;Castillon-la-Bataille
33227;Langon
34079;Clermont-l'Hérault
34101;Florensac
34111;Ganges
34147;Magalas
34199;Pézenas
35023;Bédée
35126;Guichen
35152;Liffré
35176;Guipry-Messac
35184;Montauban-de-Bretagne
35188;Montfort-sur-Meu
35223;Plélan-le-Grand
35282;Rives-du-Couesnon
35297;Saint-Méen-le-Grand
36001;Aigurande
36005;Ardentes
36006;Argenton-sur-Creuse
36045;Châtillon-sur-Indre
36046;La Châtre
36093;Levroux
36228;Valençay
37031;Bourgueil
37063;Château-Renault
37225;Saint-Martin-le-Beau
38226;Mens
38269;La Mure
39478;Saint-Claude
40197;Morcenx-la-Nouvelle
41136;Mer
41151;Montrichard Val de Cher
41159;Neung-sur-Beuvron
41242;Selles-sur-Cher
42011;Balbigny
42165;Panissières
42204;Saint-Bonnet-le-Château
42224;Saint-Genest-Malifaux
43112;Langeac
43135;Le Monastier-sur-Gazeille
43185;Sainte-Florine
43200;Saint-Julien-Chapteuil
43267;Vorey
44015;Blain
44072;Herbignac
44087;Machecoul-Saint-Même
44161;Saint-Gildas-des-Bois
44180;Vallons-de-l'Erdre
44195;Savenay
44212;Vallet
45028;Beaugency
45115;Courtenay
45203;Meung-sur-Loire
45315;Sully-sur-Loire
46173;Limogne-en-Quercy
46185;Martel
46309;Souillac
46330;Vayrac
47004;Aiguillon
47048;Cancon
47078;Damazan
47086;Duras
47168;Miramont-de-Guyenne
48017;Banassac-Canilhac
48039;Chanac
48080;Langogne
48140;Saint-Chély-d'Apcher
49180;Longué-Jumelles
49228;Noyant-Villages
49248;Ombrée d'Anjou
50031;Barneville-Carteret
50139;Condé-sur-Vire
50236;La Haye
50359;Mortain-Bocage
50402;Les Pieux
50417;Quettehou
50523;Sainte-Mère-Église
51507;Sainte-Menehould
51612;Blancs-Coteaux
52050;Biesles
52074;Breuvannes-en-Bassigny
52269;Langres
53003;Ambrières-les-Vallées
53084;Craon
53096;Ernée
53107;Gorron
53161;Montsûrs
54263;Homécourt
54322;Longuyon
55427;Revigny-sur-Ornain
55463;Saint-Mihiel
56001;Allaire
56057;Le Faouët
56127;Mauron
56165;Ploërmel
57207;Farébersviller
58046;Cercy-la-Tour
58062;Château-Chinon (Ville)
58083;Corbigny
58095;Decize
58227;Saint-Amand-en-Puisaye
58267;Saint-Saulge
59015;Arleux
59035;Avesnelles
59037;Avesnes-les-Aubert
59053;Bavay
59331;Landrecies
59481;Le Quesnoy
60104;Breteuil
60157;Clermont
61230;Longny les Villages
61339;Putanges-le-Lac
61464;Sées
61483;Bagnoles de l'Orne Normandie
61508;Vimoutiers
62063;Avesnes-le-Comte
62268;Desvres
62516;Lillers
62588;Montreuil-sur-Mer
63281;Pionsat
63291;Puy-Guillaume
63354;Saint-Gervais-d'Auvergne
64371;Mauléon-Licharre
64416;Navarrenx
64430;Orthez
64453;Pontacq
64485;Saint-Jean-Pied-de-Port
65025;Argelès-Gazost
65375;Rabastens-de-Bigorre
65389;Saint-Laurent-de-Neste
66016;Banyuls-sur-Mer
66071;Estagel
66124;Font-Romeu-Odeillo-Via
66148;Port-Vendres
66164;Rivesaltes
66180;Saint-Laurent-de-la-Salanque
66210;Thuir
67021;Barr
67061;Bouxwiller
67101;Dorlisheim
67414;Rothau
67507;Villé
68068;Dannemarie
68201;Masevaux-Niederbruck
68226;Munster
68249;Orbey
68298;Sainte-Marie-aux-Mines
68334;Thann
69141;Mornant
70122;Champlitte
71073;Chagny
71133;La Clayette
71289;Matour
71394;Saint-Bonnet-de-Joux
72023;Ballon-Saint Mars
72035;Bessé-sur-Braye
72039;Bonnétable
72189;Marolles-les-Braults
72223;Noyen-sur-Sarthe
73236;Saint-Genix-les-Villages
73270;Saint-Pierre-d'Albigny
73303;Ugine
74026;La Balme-de-Sillingy
74056;Chamonix-Mont-Blanc
74081;Cluses
74256;Sallanches
76051;Bacqueville-en-Caux
76114;Bolbec
76164;Rives-en-Seine
76400;Luneray
76758;Yvetot
77327;Nangis
77475;Trilport
79013;Argentonnay
79062;Cerizay
79148;Lezay
79311;Secondigny
80010;Ailly-sur-Noye
80222;Crécy-en-Ponthieu
80318;Flixecourt
80606;Oisemont
81037;Brassac
81060;Carmaux
81140;Lavaur
81220;Rabastens
82087;Lafrançaise
82097;Lavit
82112;Moissac
82115;Monclar-de-Quercy
82155;Saint-Antonin-Noble-Val
83012;Barjols
83031;Le Cannet-des-Maures
83071;La Londe-les-Maures
84019;Bollène
84026;Cadenet
84138;Valréas
85059;La Châtaigneraie
85215;Saint-Fulgent
86082;Valence-en-Poitou
86137;Loudun
87064;Eymoutiers
87161;Saint-Léonard-de-Noblat
88029;La Vôge-les-Bains
88321;Neufchâteau
88372;Raon-l'Étape
88487;Le Val-d'Ajol
88516;Vittel
89344;Saint-Fargeau
91016;Angerville
91105;Breuillet
95250;Fosses
97106;Bouillante
97202;Les Anses-d'Arlet
97204;Le Carbet
97225;Saint-Pierre
97403;Entre-Deux
97406;La Plaine-des-Palmistes
1033;Valserhône
1202;Lagnieu
1265;Montréal-la-Cluse
1266;Montrevel-en-Bresse
1306;Pont-de-Veyle
2173;Chauny
2305;Fère-en-Tardenois
2307;La Ferté-Milon
2381;Hirson
2468;Marle
2676;Saint-Erme-Outre-et-Ramecourt
3118;Gannat
3138;Lapalisse
3195;Néris-les-Bains
4039;Castellane
4049;Château-Arnoux-Saint-Auban
5006;L'Argentière-la-Bessée
5065;Guillestre
5179;Veynes
6130;Saint-Vallier-de-Thiey
6163;Tende
7201;Ruoms
7204;Saint-Agrève
7324;Tournon-sur-Rhône
7330;Vallon-Pont-d'Arc
7334;Les Vans
8363;Revin
8420;Signy-le-Petit
8490;Vouziers
9167;Lézat-sur-Lèze
9306;Tarascon-sur-Ariège
10003;Aix-Villemaur-Pâlis
10006;Arcis-sur-Aube
10033;Bar-sur-Aube
10268;Nogent-sur-Seine
11076;Castelnaudary
11091;Chalabre
11129;Espéraza
12052;Capdenac-Gare
12120;Laissac-Sévérac l'Église
12197;Réquista
12208;Saint-Affrique
12209;Saint-Amans-des-Cots
12270;Sévérac d'Aveyron
13100;Saint-Rémy-de-Provence
13105;Sénas
14174;Condé-en-Normandie
14200;Creully sur Seulles
14228;Douvres-la-Délivrande
14514;Pont-l'Évêque
14764;Pont-d'Ouilly
15119;Massiac
15187;Saint-Flour
15265;Ydes
15267;Ytrac
15268;Le Rouget-Pers
17172;Gémozac
17197;Jonzac
17347;Saint-Jean-d'Angély
17387;Saint-Porchaire
18058;Châteauneuf-sur-Cher
18233;Saint-Satur
21292;Genlis
21554;Saint-Jean-de-Losne
21603;Semur-en-Auxois
22025;Callac
22070;Guingamp
22093;Lamballe-Armor
22162;Paimpol
22183;Plémet
22194;Plestin-les-Grèves
23031;Boussac
23069;Crocq
23070;Crozant
23100;Jarnages
23131;Mérinchal
24551;Thiviers
25022;Arcey
25334;Levier
25434;Ornans
25505;Rougemont
25512;Le Russey
26095;Cléon-d'Andran
26165;Livron-sur-Drôme
26307;Saint-Jean-en-Royans
27116;Brionne
27151;Charleval
27246;Fleury-sur-Andelle
27355;Ivry-la-Bataille
27377;Lyons-la-Forêt
27493;Romilly-sur-Andelle
28196;Illiers-Combray
28214;La Loupe
28391;Toury
29024;Carhaix-Plouguer
29039;Concarneau
29043;Daoulas
29053;Le Faou
29072;Guilvinec
29105;Landivisiau
29162;Pleyben
29217;Pont-Aven
29284;Treffiagat
30032;Beaucaire
30133;Le Grau-du-Roi
30210;Quissac
30321;Sommières
31454;Rieumes
32132;Fleurance
32147;Gimont
32344;Riscle
33389;Saint-Ciers-sur-Gironde
33402;Sainte-Foy-la-Grande
34081;Colombiers
34114;Gignac
34150;Marseillan
34189;Olonzac
34239;Saint-André-de-Sangonis
34284;Saint-Pons-de-Thomières
35004;Val-Couesnon
35012;Bain-de-Bretagne
35069;Châteaugiron
35239;Retiers
35257;Maen Roch
36031;Buzançais
36034;Chabris
36063;Déols
36230;Vatan
37091;La Croix-en-Touraine
37123;Langeais
37130;Ligueil
37226;Sainte-Maure-de-Touraine
38034;Beaurepaire
38087;Chasse-sur-Rhône
39333;Moirans-en-Montagne
39500;Salins-les-Bains
40002;Amou
40102;Gabarret
40119;Hagetmau
40194;Montfort-en-Chalosse
40331;Villeneuve-de-Marsan
41123;Marchenoir
41143;Mondoubleau
41167;Veuzain-sur-Loire
41171;Oucques La Nouvelle
41269;Vendôme
42052;Charlieu
42181;Régny
42289;Saint-Symphorien-de-Lay
43003;Allègre
43141;Montfaucon-en-Velay
43234;Saugues
43268;Yssingeaux
44084;Le Loroux-Bottereau
44116;Paimbœuf
45053;Briare
45082;Châteauneuf-sur-Loire
45145;Ferrières-en-Gâtinais
46038;Bretenoux
46045;Cajarc
46063;Castelnau Montratier-Sainte Alauzie
46251;Saint-Céré
47143;Lavardac
47179;Monsempron-Libos
48096;Meyrueis
49063;Chalonnes-sur-Loire
49080;Les Hauts-d'Anjou
49244;Mauges-sur-Loire
49331;Segré-en-Anjou Bleu
50041;La Hague
50076;Bréhal
50082;Bricquebec-en-Cotentin
50099;Carentan-les-Marais
50197;Gavray-sur-Sienne
50218;Granville
50292;Marigny-Le-Lozon
50400;Picauville
50551;Saint-Sauveur-le-Vicomte
50601;Torigny-les-Villes
50639;Villedieu-les-Poêles-Rouffigny
52008;Andelot-Blancheville
52058;Bologne
52197;Fayl-Billot
52247;Illoud
52405;Le Montsaugeonnais
53062;Château-Gontier-sur-Mayenne
53152;Meslay-du-Maine
55122;Commercy
55181;Étain
55351;Montmédy
55533;Vaucouleurs
56091;Josselin
56169;Plouhinec
56184;Questembert
56186;Quiberon
56240;Sarzeau
57089;Bitche
57097;Boulay-Moselle
57332;Hombourg-Haut
57483;Morhange
57650;Sierck-les-Bains
58065;Châtillon-en-Bazois
58145;Lormes
58151;La Machine
58182;Moulins-Engilbert
58304;Varzy
59249;Fourmies
59571;Solesmes
60395;Méru
60577;Saint-Germer-de-Fly
61038;Bellême
61181;Gacé
61214;L'Aigle
62364;Fruges
62397;Guînes
63040;Billom
63132;Cunlhat
64062;Arudy
64063;Arzacq-Arraziguet
64233;Garlin
64331;Lembeye
64405;Morlaàs
64493;Saint-Palais
64519;Serres-Castet
65031;Arreau
65059;Bagnères-de-Bigorre
65258;Lannemezan
65452;Trie-sur-Baïse
66049;Céret
66065;Elne
66108;Millas
66125;Olette
66130;Osséja
66222;Vernet-les-Bains
67020;Barembach
67176;Gundershoffen
67281;Marckolsheim
67291;Mertzwiller
67448;Schirmeck
68162;Kaysersberg Vignoble
68231;Neuf-Brisach
69010;L'Arbresle
69018;Beaujeu
69019;Belleville-en-Beaujolais
69288;Saint-Laurent-de-Mure
70120;Champagney
70292;Jussey
71106;Charolles
71120;Chauffailles
71137;Cluny
71158;Cuisery
71178;Dompierre-les-Ormes
71192;Étang-sur-Arroux
71351;Pierre-de-Bresse
71545;Tramayes
72071;Montval-sur-Loir
72124;Écommoy
72334;Sillé-le-Guillaume
72363;Tuffé Val de la Chéronne
73010;Entrelacs
74119;Évian-les-Bains
74169;Marnaz
74264;Scionzier
76159;Cany-Barville
76196;Criquetot-l'Esneval
76302;Goderville
76312;Gournay-en-Bray
76329;Gruchet-le-Valasse
76392;Londinières
76647;Saint-Romain-de-Colbosc
76648;Saint-Saëns
78310;Houdan
78321;Jouars-Pontchartrain
78380;Maule
79174;Melle
79202;Parthenay
79307;Sauzé-Vaussais
79329;Thouars
80570;Moreuil
80620;Péronne
80685;Roye
81003;Alban
81033;Blaye-les-Mines
81069;Cordes-sur-Ciel
81099;Gaillac
81222;Réalmont
82022;Bourg-de-Visa
82134;Nègrepelisse
83042;Cogolin
83073;Le Luc
84054;L'Isle-sur-la-Sorgue
84072;Mazan
84080;Monteux
84133;La Tour-d'Aigues
85047;Challans
85065;Chavagnes-en-Paillers
85152;Les Achards
85288;Talmont-Saint-Hilaire
86070;Chauvigny
86078;Civray
86092;Dangé-Saint-Romain
86193;Pleumartin
87011;Bellac
87040;Châteauneuf-la-Forêt
88095;Châtenois
88114;Contrexéville
88124;Darney
88181;Fraize
88304;Mirecourt
89046;Bléneau
89257;Migennes
89418;Tonnerre
89461;Villeneuve-l'Archevêque
91359;Maisse
91405;Milly-la-Forêt
95652;Viarmes
97115;Lamentin
97357;Grand-Santi
97401;Les Avirons
97602;Bandraboua
1143;Divonne-les-Bains
1173;Gex
1388;Saint-Trivier-de-Courtes
2018;Anizy-le-Grand
2095;Bohain-en-Vermandois
2334;Fresnoy-le-Grand
2558;Le Nouvion-en-Thiérache
2666;Rozoy-sur-Serre
3084;Cosne-d'Allier
3102;Dompierre-sur-Besbre
3186;Montmarault
3236;Saint-Germain-des-Fossés
3254;Saint-Pourçain-sur-Sioule
3292;Tronget
4008;Annot
4173;Saint-André-les-Alpes
4205;Seyne
5040;Chorges
5170;Tallard
6099;Puget-Théniers
7346;Viviers
8025;Attigny
8090;Carignan
8190;Givet
8302;Monthermé
8367;Rocroi
9032;Ax-les-Thermes
9160;Lavelanet
9194;Mirepoix
9261;Saint-Girons
9282;Saverdun
10420;Villenauxe-la-Grande
12056;Baraqueville
12119;Laguiole
12169;Naucelle
13027;Châteaurenard
13078;Port-Saint-Louis-du-Rhône
14100;Bretteville-sur-Laize
14257;Évrecy
14258;Falaise
14370;Le Molay-Littry
14384;Luc-sur-Mer
14488;Ouistreham
14516;Potigny
14658;Noues de Sienne
15054;Condat
15094;Laroquebrou
15122;Maurs
15152;Pierrefort
15162;Riom-ès-Montagnes
15221;Sansac-de-Marmiesse
15255;Vézac
16090;Châteauneuf-sur-Charente
16167;Jarnac
17218;Marans
17241;Montguyon
17309;Saint-Aigulin
17385;Saint-Pierre-d'Oléron
17434;Surgères
18015;Aubigny-sur-Nère
18109;Henrichemont
19010;Argentat-sur-Dordogne
19019;Beaulieu-sur-Dordogne
19023;Beynat
19073;Égletons
19269;Treignac
19275;Ussel
21023;Arnay-le-Duc
21038;Auxonne
21317;Is-sur-Tille
21584;Saulieu
22203;Plœuc-L'Hermitage
22206;Châtelaudren-Plouagat
22266;Rostrenen
23021;Bénévent-l'Abbaye
23067;La Courtine
23093;Gouzon
23247;Saint-Vaury
24035;Pays de Belvès
24064;Brantôme en Périgord
24299;Mussidan
24352;Ribérac
24376;Saint Aulaye-Puymangou
24547;Terrasson-Lavilledieu
24550;Thenon
25259;Frasne
25463;Pont-de-Roide-Vermondans
26108;Crest
26220;Nyons
26301;Saint-Donat-sur-l'Herbasse
27049;Mesnil-en-Ouche
27065;Beuzeville
27165;Conches-en-Ouche
27170;Cormeilles
27230;Ézy-sur-Eure
27428;Le Neubourg
27467;Pont-Audemer
28140;Épernon
28373;Senonches
28393;Tremblay-les-Villages
29026;Châteaulin
29027;Châteauneuf-du-Faou
29042;Crozon
29055;Le Folgoët
29081;Huelgoat
29103;Landerneau
29210;Plouvorn
29241;Rosporden
30062;Calvisson
30202;Pont-Saint-Esprit
30221;Roquemaure
30258;Saint-Gilles
30269;Saint-Jean-du-Gard
31080;Boulogne-sur-Gesse
31098;Cadours
31135;Cazères
31202;Fronton
32096;Cazaubon
32242;Masseube
32370;Saint-Clar
33058;Blaye
33138;Coutras
33314;Pauillac
34028;Bédarieux
34143;Loupian
35162;Louvigné-du-Désert
35177;La Mézière
35251;Saint-Aubin-d'Aubigné
36018;Le Blanc
36192;Saint-Gaultier
37027;Bléré
37062;Château-la-Vallière
38315;Le Pont-de-Beauvoisin
38412;Saint-Laurent-du-Pont
39434;Poligny
40117;Grenade-sur-l'Adour
40201;Mugron
41149;Montoire-sur-le-Loir
41154;Morée
42019;Boën-sur-Lignon
42023;Bourg-Argental
42059;Chazelles-sur-Lyon
42094;Feurs
42168;Pélussin
42230;Saint-Germain-Laval
42249;Saint-Just-la-Pendue
43016;Auzon
43042;Cayres
43087;Dunières
43148;Paulhaguet
43154;Pradelles
43162;Retournac
44003;Ancenis-Saint-Géréon
44069;Guérande
44110;Nort-sur-Erdre
44131;Pornic
44154;Saint-Brevin-les-Pins
44188;Saint-Philbert-de-Grand-Lieu
45085;Châtillon-Coligny
45191;Le Malesherbois
45248;Patay
46127;Gourdon
46143;Lacapelle-Marival
46297;Salviac
47057;Castillonnès
47252;Sainte-Livrade-sur-Lot
47324;Villeréal
48034;La Canourgue
48038;Bel-Air-Val-d'Ance
48146;Gorges du Tarn Causses
49127;Durtal
50025;Avranches
50341;Montebourg
50394;Périers
50410;Pontorson
50484;Saint-Hilaire-du-Harcouët
50565;Sartilly-Baie-Bocage
50582;Sourdeval
50591;Le Teilleul
50615;Valognes
51217;Dormans
51248;Fère-Champenoise
51380;Montmirail
51535;Sézanne
52017;Arc-en-Barrois
52060;Bourbonne-les-Bains
52093;Chalindrey
52211;Froncles
52250;Joinville
52331;La Porte du Der
52550;Wassy
53097;Évron
53182;Port-Brillet
54076;Blainville-sur-l'Eau
54099;Val de Briey
54273;Jarny
54280;Jœuf
54431;Pont-à-Mousson
55291;Ligny-en-Barrois
56007;Auray
56061;La Gacilly
56066;Gourin
56083;Hennebont
56147;Nivillac
56195;La Roche-Bernard
57106;Bouzonville
58079;Clamecy
58131;Guérigny
58232;Saint-Benin-d'Azy
58250;Saint-Léger-des-Vignes
59008;Aniche
59139;Caudry
59574;Somain
60029;Auneuil
60439;Mouy
61007;Athis-Val de Rouvre
61074;Carrouges
61494;Trun
62014;Aire-sur-la-Lys
62060;Auxi-le-Château
62080;Bapaume
62215;Carvin
62560;Marquise
62563;Mazingarbe
62667;Le Portel
63001;Aigueperse
63050;Brassac-les-Mines
63080;Champeix
63195;Lezoux
63210;Maringues
63470;Volvic
64256;Hasparren
64320;Laruns
64422;Oloron-Sainte-Marie
64499;Salies-de-Béarn
65138;Cauterets
65287;Loures-Barousse
65447;Tournay
65460;Vic-en-Bigorre
66009;Arles-sur-Tech
66149;Prades
66230;Vinça
67105;Drulingen
67282;Marlenheim
67313;Mutzig
69171;Sain-Bel
69248;Thizy-les-Bourgs
69289;Saint-Pierre-de-Chandieu
70198;Dampierre-sur-Salon
70310;Lure
71310;Montchanin
71350;Pierreclos
71512;Sennecey-le-Grand
72029;Beaumont-sur-Sarthe
72042;Bouloire
72068;La Chartre-sur-le-Loir
72090;Connerré
72138;Fresnay-sur-Sarthe
72191;Mayet
72231;Parigné-l'Évêque
72241;Montfort-le-Gesnois
73011;Albertville
74042;Bonneville
74164;Marignier
74241;Saint-Jeoire
74311;Viuz-en-Sallaz
76034;Val-de-Scie
76035;Aumale
76057;Barentin
76655;Saint-Valery-en-Caux
76700;Tôtes
76752;Yerville
77051;Bray-sur-Seine
77053;Brie-Comte-Robert
77079;Champagne-sur-Seine
77100;Le Châtelet-en-Brie
77296;Moissy-Cramayel
77458;Souppes-sur-Loing
78089;Bonnières-sur-Seine
78217;Épône
78402;Mézières-sur-Seine
78537;Saint-Arnoult-en-Yvelines
79005;Airvault
79079;Mauléon
79083;Chef-Boutonne
79179;Moncoutant-sur-Sèvre
80212;Corbie
80368;Friville-Escarbotin
80410;Ham
80630;Poix-de-Picardie
80680;Rosières-en-Santerre
80688;Rue
80721;Saint-Valery-sur-Somme
81124;Lacaune
81145;Lisle-sur-Tarn
82094;Lauzerte
82117;Montaigu-de-Quercy
82186;Valence
83004;Les Arcs
83121;Salernes
84004;Aubignan
84137;Vaison-la-Romaine
85003;Aizenay
85018;Beauvoir-sur-Mer
85109;Les Herbiers
85113;L'Île-d'Yeu
85135;Mareuil-sur-Lay-Dissais
85156;Moutiers-les-Mauxfaits
85182;Pouzauges
85226;Saint-Hilaire-de-Riez
86103;Gençay
86128;Lencloître
86139;Lusignan
87126;Rochechouart
87187;Saint-Yrieix-la-Perche
88258;Lamarche
88383;Remiremont
89086;Charny Orée de Puisaye
89125;Courson-les-Carrières
89206;Joigny
89345;Saint-Florentin
90009;Beaucourt
90033;Delle
91045;Ballancourt-sur-Essonne
91338;Limours
95351;Louvres
95355;Magny-en-Vexin
95370;Marines
97128;Sainte-Anne
97131;Terre-de-Haut
97220;Rivière-Pilote
97223;Saint-Esprit
97230;La Trinité
97231;Les Trois-Îlets
97308;Saint-Georges
97402;Bras-Panon
97417;Saint-Philippe
97421;Salazie
1303;Poncin
2360;Villeneuve-sur-Aisne
2543;Neuilly-Saint-Front
2720;Sissonne
2789;Vervins
4019;Barcelonnette
4166;Riez
5046;Embrun
6136;Sospel
7042;Bourg-Saint-Andéol
7181;Le Pouzin
7341;Villeneuve-de-Berg
8185;Fumay
8311;Mouzon
8328;Nouzonville
9185;Mazères
10401;Vendeuvre-sur-Barse
11170;Gruissan
11203;Lézignan-Corbières
11206;Limoux
12224;Saint Geniez d'Olt et d'Aubrac
13014;Berre-l'Étang
13050;Lambesc
13084;La Roque-d'Anthéron
13110;Trets
14371;Livarot-Pays-d'Auge
14689;Thury-Harcourt-le-Hom
14726;Valdallière
14754;Villers-sur-Mer
15001;Allanche
15083;Jussac
15134;Montsalvy
15140;Naucelles
15141;Neussargues en Pinatelle
15153;Pleaux
15204;Saint-Paul-des-Landes
15258;Vic-sur-Cère
16028;Barbezieux-Saint-Hilaire
16408;Villebois-Lavalette
17024;Aulnay
17127;Courçon
17219;Marennes-Hiers-Brouage
17236;Mirambeau
17283;Pons
17284;Pont-l'Abbé-d'Arnoult
18127;Lignières
18141;Mehun-sur-Yèvre
18197;Saint-Amand-Montrond
18207;Saint-Florent-sur-Cher
18223;Saint-Martin-d'Auxigny
19028;Bort-les-Orgues
19148;Neuvic
19276;Uzerche
21663;Venarey-les-Laumes
21710;Vitteaux
22020;Broons
22032;Caulnes
22172;Plancoët
23030;Bourganeuf
23061;Chénérailles
23075;Dun-le-Palestel
24068;Le Buisson-de-Cadouin
24167;Eymet
24212;Issigeac
24223;Lalinde
24227;Lanouaille
24311;Nontron
24354;La Roche-Chalais
25156;Pays-de-Clerval
25578;Valdahon
26074;La Chapelle-en-Vercors
26113;Die
26333;Saint-Vallier
27016;Les Andelys
27022;Le Val d'Hazey
27112;Breteuil
27226;Étrépagny
27284;Gisors
27413;Montfort-sur-Risle
27438;Nonancourt
27469;Pont-de-l'Arche
27502;Rugles
28089;Châteauneuf-en-Thymerais
29117;Lannilis
29124;Lesneven
29160;Plabennec
29178;Ploudalmézeau
29220;Pont-l'Abbé
29259;Saint-Pol-de-Léon
29274;Scaër
29277;Sizun
29293;Trégunc
30003;Aigues-Mortes
30012;Aramon
30227;Saint-Ambroix
30341;Vauvert
31020;Aspet
31106;Caraman
31232;Grenade
31324;Martres-Tolosane
31396;Nailloux
31503;Saint-Martory
32106;Cologne
32107;Condom
32208;Lectoure
32249;Mauvezin
32252;Miélan
32256;Mirande
32285;Montesquiou
32426;Seissan
32459;Valence-sur-Baïse
33067;Bourg
33081;Cadillac-sur-Garonne
33352;La Réole
33366;Saint-André-de-Cubzac
34245;Saint-Chinian
34293;La Salvetat-sur-Agout
35037;Bréal-sous-Montfort
35049;Cancale
35085;Combourg
35093;Dinard
35095;Dol-de-Bretagne
35125;La Guerche-de-Bretagne
35136;Janzé
35207;Noyal-sur-Vilaine
35219;Pipriac
35222;Pleine-Fougères
35227;Pleumeleuc
35228;Pleurtuit
35253;Saint-Aubin-du-Cormier
35308;Mesnil-Roc'h
35337;Tinténiac
36208;Sainte-Sévère-sur-Indre
36241;Villedieu-sur-Indre
37115;Descartes
37119;L'Île-Bouchard
37132;Loches
37189;Preuilly-sur-Claise
37196;Richelieu
38314;Pontcharra
38416;Saint-Marcellin
38509;La Tour-du-Pin
38548;Villard-de-Lans
39013;Arbois
39016;Arinthod
40001;Aire-sur-l'Adour
40282;Saint-Sever
41106;Lamotte-Beuvron
41198;Saint-Aignan
41232;Salbris
43012;Aurec-sur-Loire
43040;Brioude
43080;Craponne-sur-Arzon
43137;Monistrol-sur-Loire
43177;Saint-Didier-en-Velay
43205;Saint-Just-Malmont
43224;Sainte-Sigolène
43244;Tence
44043;Clisson
44071;Haute-Goulaine
44129;Pontchâteau
44186;Sainte-Pazanne
45146;La Ferté-Saint-Aubin
45224;Neuville-aux-Bois
46029;Biars-sur-Cère
46066;Cazals
46128;Gramat
46148;Lalbenque
46182;Luzech
47015;Astaffort
47175;Monflanquin
47195;Nérac
47210;Port-Sainte-Marie
48075;Ispagnac
48156;Saint-Germain-du-Teil
49018;Baugé-en-Anjou
49125;Doué-en-Anjou
50003;Agon-Coutainville
50074;Brécey
50237;La Haye-Pesnel
50412;Port-Bail-sur-Mer
50487;Saint-James
50539;Saint-Pierre-Église
50562;Saint-Vaast-la-Hougue
51250;Fismes
51388;Mourmelon-le-Grand
51423;Pargny-sur-Saulx
51531;Sermaize-les-Bains
52064;Bourmont-entre-Meuse-et-Mouzon
52114;Châteauvillain
52177;Doulaincourt-Saucourt
52353;Nogent
52444;Saint-Blin
53077;Cossé-le-Vivien
53127;Lassay-les-Châteaux
53147;Mayenne
53185;Pré-en-Pail-Saint-Samson
53271;Villaines-la-Juhel
54039;Baccarat
54129;Cirey-sur-Vezouze
54397;Neuves-Maisons
54400;Nomeny
54563;Vézelise
55063;Bouligny
56010;Baud
56067;Grand-Champ
56117;Locminé
56123;Malansac
56152;Le Palais
57132;Château-Salins
57177;Dieuze
58059;La Charité-sur-Loire
58149;Luzy
59036;Avesnes-sur-Helpe
60103;Bresles
60178;Crèvecœur-le-Grand
60245;Formerie
60286;Grandvilliers
60333;Lachapelle-aux-Pots
60509;Pont-Sainte-Maxence
61145;Domfront en Poiraie
61153;Écouché-les-Vallées
61293;Mortagne-au-Perche
61345;Rémalard en Perche
62048;Auchel
62194;Calonne-Ricouart
62894;Wimille
63003;Ambert
63004;Les Ancizes-Comps
63009;Ardes
63038;Besse-et-Saint-Anastaise
63245;Mozac
63283;Pontaumur
63295;Randan
63305;Rochefort-Montagne
63338;Saint-Éloy-les-Mines
63352;Saint-Germain-Lembron
64260;Hendaye
64513;Sauveterre-de-Béarn
65129;Castelnau-Magnoac
65388;Saint-Lary-Soulan
66025;Bourg-Madame
66088;Ille-sur-Têt
66167;Saillagouse
66187;Saint-Paul-de-Fenouillet
67066;La Broque
67222;Ingwiller
67300;Molsheim
67388;Reichshoffen
67544;Wissembourg
68004;Altkirch
69006;Amplepuis
69201;Sainte-Foy-l'Argentière
70279;Gray
70311;Luxeuil-les-Bains
70482;Scey-sur-Saône-et-Saint-Albin
71176;Digoin
71230;Gueugnon
71263;Louhans
72050;Brûlon
72168;Loué
72176;Le Lude
72269;Saint-Calais
72276;Saint-Cosme-en-Vairais
72329;Savigné-l'Évêque
72373;Vibraye
73054;Bourg-Saint-Maurice
73157;Modane
73181;Moûtiers
73204;Le Pont-de-Beauvoisin
73215;Valgelon-La Rochette
73248;Saint-Jean-de-Maurienne
74043;Bons-en-Chablais
74096;Cruseilles
74123;Faverges-Seythenex
74280;Thônes
74282;Fillière
76222;Duclair
76495;Pavilly
76709;Le Trait
77142;Crécy-la-Chapelle
77182;La Ferté-Gaucher
77183;La Ferté-sous-Jouarre
77385;Rebais
78003;Ablis
78255;Freneuse
79057;Brioux-sur-Boutonne
79101;Coulonges-sur-l'Autize
79170;Mauzé-sur-le-Mignon
79270;Saint-Maixent-l'École
80013;Airaines
80186;Chaulnes
80211;Conty
80253;Doullens
80585;Nesle
81192;Murat-sur-Vèbre
82037;Caussade
82038;Caylus
82042;Cazes-Mondenard
83007;Aups
83016;Le Beausset
83086;Le Muy
84123;Sault
85020;Benet
85051;Chantonnay
85070;Coëx
85222;Saint-Gilles-Croix-de-Vie
86140;Lussac-les-Châteaux
86160;Mirebeau
87032;Châlus
87041;Châteauponsac
87154;Saint-Junien
88090;Charmes
88349;Plainfaing
88367;Rambervillers
88530;Xertigny
89025;Avallon
89368;Saint-Sauveur-en-Puisaye
89419;Toucy
90052;Giromagny
91111;Briis-sous-Forges
97117;Le Moule
97227;Sainte-Luce
97228;Sainte-Marie
97353;Maripasoula
97362;Papaichton
97404;L'Étang-Salé
97419;Sainte-Rose
97423;Les Trois-Bassins
97603;Bandrele
